site_id,gen_run_hours,power_source,battery_voltage,solar_output,phcn_uptime,load_kw,temperature
TWR_1654,9.490142459033699,Gen,11.861735698828815,0.0,0.0,3.3238442690503462,39.61514928204013
TWR_1759,7.297539875829992,Gen,11.76586304305082,0.0,0.0,3.7896064077536957,35.837173645764544
TWR_1228,6.591576842195144,Gen,12.542560043585965,0.0,0.0,2.768291153593769,29.671351232148716
TWR_1104,8.725886814698102,Solar,10.086719755342202,0.5501643349739345,4.313137412277082,2.493584439832788,33.57123666297637
TWR_1913,5.275927773436367,Solar,10.587696298664708,6.931297537843108,5.322671098540393,3.033764102343962,24.87625906893272
TWR_1604,6.366851826424452,Gen,12.110922589709865,0.0,0.0,2.4245032112888487,33.87849009172836
TWR_1030,6.198083930243585,Gen,11.708306250206723,0.0,0.0,2.6991466938853015,41.26139092254469
TWR_1238,7.9595083257861985,Solar,10.9422890710441,5.645089824206378,2.3374690500869333,3.104431797502378,22.201649380601122
TWR_1027,4.015441853304709,Solar,12.196861235869124,5.476933159990821,6.514104843569911,2.94217585880588,30.494481522053555
TWR_1733,3.5644340288977183,Solar,11.280155791605292,3.078722458080425,9.171366678656748,3.1718091447842305,23.18479922318633
TWR_1558,8.972251908184385,Gen,11.614917719583683,0.0,0.0,2.6615389998470205,35.058381444204336
TWR_1459,11.092998567487854,Solar,12.931280119116199,2.3215649535547227,5.072362872446356,3.165631715701782,36.877725635611796
TWR_1828,6.56247728646413,PHCN,11.814341023336183,1.7873300519879436,2.4113801277579876,3.406262911197099,38.78120014285412
TWR_1777,7.783969635258998,PHCN,13.003532897892024,4.723272050095268,4.064640736184627,3.180697802754207,39.690182832329846
TWR_1714,7.892521882670145,Gen,13.564643655814006,0.0,0.0,1.6901274479551278,36.10951252187612
TWR_1284,8.261141204714514,Gen,11.700992649534133,0.0,0.0,3.045880388267751,22.062155426995538
TWR_1980,7.340984336487464,PHCN,12.357112571511747,6.955788089483033,4.445189345179058,2.5957531985534064,29.491214782077318
TWR_1104,10.746206353106222,Gen,12.328751109659684,0.0,0.0,2.735119898116481,34.56633716556678
TWR_1099,8.29123264804412,Gen,12.968644990532889,0.0,0.0,2.648973453061324,30.361689267011158
TWR_1352,6.823675540603527,Solar,10.536485051867881,4.592240554129152,6.783165816539668,3.0025567283212307,30.827064333124266
TWR_1826,3.7538877738487573,Gen,11.57935467723464,0.0,0.0,2.828642741736615,27.988613653891903
TWR_1470,7.516142865001973,Solar,12.40405085681454,7.772371802421061,6.523733438495517,3.1287751953613823,31.627770421169163
TWR_1996,2.2436863541028753,Hybrid,11.973486124550783,4.120460419882053,12.0,2.903819517609439,33.50773671166806
TWR_1080,7.89586469088427,Solar,10.831321962380468,6.285645629030041,8.255799098060322,3.3955159735215235,27.453062726026303
TWR_1849,12.208382932808298,Solar,10.59814893720772,5.173714187600541,12.0,2.504731837434656,29.16851135198614
TWR_1906,8.298954095262923,PHCN,11.4965243458838,0.8986731378677346,6.205688924418082,2.4688481431369476,34.36796215317591
TWR_1591,5.24172729729859,Gen,13.54993440501754,0.0,0.0,2.6083733538318814,30.38969241897162
TWR_1071,10.44055165210901,Gen,10.769135683566045,0.0,0.0,3.113729967302065,38.53571377141214
TWR_1233,3.1775502963163174,PHCN,12.184633858532305,4.519765588496847,8.345468615331932,2.381524644560959,25.397716934578618
TWR_1081,9.565824696850694,PHCN,12.296984673233187,4.5009857006917535,7.039344628490927,2.6599876392107547,33.16126848580502
TWR_1887,8.879217419896044,Gen,11.285648581973632,0.0,0.0,3.9328872555723784,34.36916460455894
TWR_1284,4.426089508392054,Gen,12.65655360863383,0.0,0.0,2.5126591648863394,35.93542301871226
TWR_1854,11.475786737022212,Gen,11.179317681648289,0.0,0.0,3.481688064622161,34.063904634682494
TWR_1379,10.46618047998347,Gen,13.896792982653947,0.0,0.0,2.8773059419985647,28.23131917821255
TWR_1686,5.33145671112343,Gen,11.184189715034561,0.0,0.0,2.961449145292948,33.70575987408322
TWR_1959,8.830072397990056,Solar,12.827183249036024,4.026003783755814,10.360602231471951,2.867671583381022,45.0
TWR_1073,9.877002043295018,Solar,11.142842443583717,1.8582150038777754,7.4474172457295555,2.8882686073370745,35.57000247046046
TWR_1175,9.419712873720634,Solar,11.927171087343128,2.30641256386319,1.4554583259424057,2.7767425239664894,36.28199397161736
TWR_1250,8.642281232390612,Gen,10.754261221288012,0.0,0.0,3.086590462925591,33.92658689864418
TWR_1388,5.348427691396601,Gen,12.153725105945528,0.0,0.0,3.029104359223,26.285148510846884
TWR_1947,9.07336208104485,Solar,12.560784526368234,6.166102486350554,9.161406156104709,2.3111653160214543,27.310874800424386
TWR_1570,9.54510580162598,Gen,12.513785950912208,0.0,0.0,3.257523843153024,45.0
TWR_1332,9.7126715320795,PHCN,13.135565640180598,5.908003526986405,7.954173753917394,2.842365377679827,35.79484610246634
TWR_1794,5.681524356387285,Gen,11.763181393259991,0.0,0.0,2.7573182260854483,32.40937069693161
TWR_1841,14.943975700020527,Gen,10.132734807408251,0.0,0.0,3.3431300951872567,23.936420644051744
TWR_1323,6.5842044026317,Gen,13.088950596967367,0.0,0.0,3.0321400095477316,26.61127611035347
TWR_1067,5.854088872220095,Gen,12.679597748934675,0.0,0.0,2.6348166841414318,33.08229294790988
TWR_1965,8.13671551971144,Solar,11.348399652394184,8.28788817865065,7.901757066954033,1.9874287066711964,32.93227157384714
TWR_1735,6.0146406056948365,Gen,12.852433334796224,0.0,0.0,2.60373963078365,31.426317792665504
TWR_1671,9.51496183694137,Gen,12.865755194170122,0.0,0.0,2.3998517964721118,30.327493820795258
TWR_1905,6.575164066517131,Hybrid,11.346670767426287,7.530908480562194,7.214945132882867,2.3695580228324773,36.58930973527388
TWR_1469,14.3664685910379,Gen,13.032465260551147,0.0,0.0,2.2403150170229935,29.578829635668743
TWR_1142,11.800733447559868,Gen,11.29233053438122,0.0,0.0,3.221909714073114,35.87317026714668
TWR_1574,5.219208585265751,Solar,11.9404746439382,0.0,2.9268370759971303,2.87371592430342,25.761084090175753
TWR_1764,12.897233911794906,Solar,10.569858622039368,3.1199110266060326,6.392221731858274,3.720636644533058,24.8206892441028
TWR_1919,11.489491256464879,Solar,12.010233061019587,2.036982697904098,7.386310422789812,3.099529847786735,28.998915614206027
TWR_1370,8.209406254970057,Gen,11.61468640313824,0.0,0.0,3.056758672625624,35.31065337260523
TWR_1141,12.758050448436055,Solar,10.76218450117315,8.266066749312532,0.14373660143249456,2.9241074524822084,34.94158603242288
TWR_1093,8.842975603205097,PHCN,11.377300480179406,3.5837554992854495,4.520997196023502,2.705317621527894,36.24801048510513
TWR_1881,9.071046457895141,Gen,11.307090404739347,0.0,0.0,3.4497999377166253,33.536497604383044
TWR_1642,10.43858635651688,Gen,12.629628841923612,0.0,0.0,2.585502494538964,29.199094799015153
TWR_1696,10.241880815369786,Gen,12.610370265433465,0.0,0.0,2.989549203017926,32.58663691654391
TWR_1065,11.832994687365275,Gen,11.40842861116417,0.0,0.0,3.273548690585019,30.98903673783053
TWR_1610,7.346956390318339,Hybrid,13.09877685198719,5.6508326979760595,8.440528908001916,3.6527394035771645,32.105019208163796
TWR_1541,10.045858913884892,Gen,11.689733243406543,0.0,0.0,3.162083176244221,31.349284728161578
TWR_1566,8.290987894978155,PHCN,12.595157025436913,2.3635586335330547,12.0,2.496991309250149,25.92905693606134
TWR_1011,11.474332620500203,Solar,12.791662693962936,5.24823963410431,7.88503652779284,2.9938766135765427,27.51372814257084
TWR_1117,8.227413674581179,Solar,11.322838288487889,5.9502394668355025,5.558827855493584,2.5872514016037442,30.393070791735035
TWR_1549,9.238794362826873,PHCN,11.436275447196024,2.3555592088671373,6.731061634475737,3.1224832855543614,29.46528412314435
TWR_1787,6.586885083145032,Solar,12.232049937357637,1.1038313170053518,1.7776086768703347,2.640777889373782,30.932764241440765
TWR_1114,8.932722696794015,Gen,13.475356216949551,0.0,0.0,3.42882981160101,31.200307350182864
TWR_1161,7.9429513762919335,Gen,10.997470635362191,0.0,0.0,2.990743432003805,30.55670680539931
TWR_1976,8.968155681014268,PHCN,11.172769056447677,5.038693028482345,10.598216739007732,2.945619925771571,34.00855861049471
TWR_1736,10.070431975133339,Gen,11.598779528114164,0.0,0.0,3.1120462409052085,32.06296200390897
TWR_1512,8.293028295646495,PHCN,11.226990216144534,4.049020348517885,7.49399487373635,3.725571803897521,36.79635413042603
TWR_1519,14.459547372534669,Hybrid,11.23265243711195,5.744641273441356,6.550026017215055,4.094901466608836,27.958508573224243
TWR_1891,5.480834473457672,Solar,11.400607354555978,0.0,4.422734934957717,2.620433669223151,32.75196893238104
TWR_1861,9.025267927331479,Solar,13.876170839215886,5.9008476763721,4.269289033012791,2.550792664325821,34.45959585753253
TWR_1623,4.039300378938074,Gen,13.831458765854354,0.0,0.0,3.5897200603606434,29.654121739476476
TWR_1382,2.860596412727368,PHCN,13.353872374165412,3.7709203094947643,9.713448935920386,2.2027861706028165,29.003124885231134
TWR_1552,8.01573109915455,Hybrid,12.046980593764742,3.099869057041513,7.868549797042496,2.466189785308703,31.288102574893532
TWR_1944,8.360886895135696,Solar,12.51443883405875,5.423229756177779,2.6260737244863925,2.232942914632189,38.38838410949255
TWR_1000,8.996942035938774,Solar,11.251513463443446,7.102303951045046,6.3470239028785755,3.589648592031913,32.33759240705054
TWR_1500,14.182243774645961,Gen,13.755340842443204,0.0,0.0,2.8755179257604633,36.85785475477178
TWR_1951,9.936127848755444,Gen,13.368631557532348,0.0,0.0,2.5175382697099478,35.4302572999922
TWR_1851,11.175273460548762,PHCN,10.241260513576886,1.6334829746684498,0.0,2.865296582777721,35.58771127897981
TWR_1245,12.507071156288085,Gen,12.074094780419776,0.0,0.0,3.814307772785646,25.099492708925542
TWR_1899,2.889852681934536,Solar,11.94445230110338,4.768130897878614,5.901915755717721,1.9662789499800617,31.55439980243606
TWR_1080,4.08659149848544,Gen,12.669672548830038,0.0,0.0,3.183299123048424,27.300601068363225
TWR_1497,6.458399247989919,PHCN,10.940786478111049,3.874641805453656,8.865426961503715,2.507136976832228,34.52023257758922
TWR_1778,6.409227144882678,Solar,11.207127167737656,3.785939280090884,2.8942730327418777,2.723175347326409,26.010610537055758
TWR_1128,13.894175398749168,Gen,12.03526355197173,0.0,0.0,2.650137246003707,33.06989955367111
TWR_1486,7.66301585092751,Hybrid,11.779030400466777,5.22833340008685,8.272523130141916,2.7347494261947363,29.1209087967766
TWR_1169,7.174844908545068,Gen,10.0,0.0,0.0,2.242404468900724,38.83437133722262
TWR_1893,12.93490314050385,Solar,11.750963960443622,5.153113926111533,6.933750463630608,4.539440404227619,37.59787455717289
TWR_1987,7.6162472255577,Gen,11.044459559399574,0.0,0.0,2.1967768398712137,33.017318179336115
TWR_1552,5.73094776414709,PHCN,10.577746290402326,2.7068542315149466,2.755355989156815,3.8435708175362824,36.408198784747256
TWR_1706,7.976082076050148,Gen,13.479944138890026,0.0,0.0,3.038684153823809,27.69357899335868
TWR_1319,12.569372231808972,Gen,12.538910043684659,0.0,0.0,2.481376922836772,31.04830660958196
TWR_1687,5.373145239845728,Solar,10.617200269035663,5.852355095063283,11.728249921410391,2.3007162130904293,34.81484618345286
TWR_1448,6.048072292634519,PHCN,11.512874616235305,2.8152121515222617,3.408027690960552,3.0242608139724134,27.84524941794481
TWR_1462,8.811370477339516,Gen,11.949761890550864,0.0,0.0,2.880525976566795,27.46218168979201
TWR_1230,6.269686008295002,Gen,12.755391225825756,0.0,0.0,3.2504585938121906,27.112223776007244
TWR_1021,8.297996916287678,Solar,12.751387123371789,0.6611894377572565,7.630080577139806,2.6686881205270767,34.852993342965796
TWR_1235,5.71022253037245,Solar,10.19511789933548,0.7449151242336747,6.144254839984146,3.129861250860741,27.478416874477958
TWR_1007,9.915777376332121,Gen,10.33847993773104,0.0,0.0,2.9669601006763417,25.944919001187717
TWR_1646,6.044491676593522,Gen,12.047398671316413,0.0,0.0,2.5697933173580236,30.077222278850872
TWR_1069,11.018878427643322,Hybrid,11.423108130476852,5.671384224130284,2.6108794360271457,3.2649020889576414,39.207843103289505
TWR_1880,0.5850664996181321,Gen,11.203104744529524,0.0,0.0,3.28853606359027,30.984773069785035
TWR_1526,9.113437620113926,Gen,11.396014813284179,0.0,0.0,3.04329489373645,31.221613823039604
TWR_1685,11.503346184979423,Gen,12.254420843301213,0.0,0.0,3.168801331037601,29.940615169387662
TWR_1552,6.53718132778252,Gen,11.567441812180379,0.0,0.0,3.1972260711891485,29.895077595898684
TWR_1957,8.869324570689239,PHCN,14.0,5.742249406863385,5.021929403496476,3.600606961081972,29.959623134892244
TWR_1590,1.8856263944664384,Gen,10.991913689082596,0.0,0.0,2.0646040394870724,30.24243257979346
TWR_1803,8.055255137568656,Gen,13.676437312275283,0.0,0.0,3.163463686882081,30.90449735595568
TWR_1416,10.488216743550467,Gen,10.0,0.0,0.0,3.117807279054283,35.85432596943483
TWR_1099,3.5642412626604756,Solar,13.143754043206929,4.676992814988829,4.754136258297596,3.3163909330531425,43.35346428902198
TWR_1362,8.545598765175486,Gen,12.248220586300336,0.0,0.0,2.770319550229878,27.75077815267604
TWR_1478,10.491007449632736,PHCN,11.143916174091133,4.143132474438785,4.5670276597046495,3.239489912873196,33.668310526434745
TWR_1055,11.112619832773698,Solar,11.489983601145253,3.4602501294132573,3.063708852653078,2.777853369961944,33.88650246522426
TWR_1661,10.270965849936056,Gen,11.077834675822375,0.0,0.0,3.43480296005283,38.778189294024756
TWR_1412,9.240304709671102,PHCN,13.876795812558067,2.452421601792854,2.2660358900657487,2.110639875547861,39.480221557445915
TWR_1819,9.963096969062173,PHCN,11.944415329089544,4.5599372526396404,2.6235328581048707,4.222875989808413,32.64610590987614
TWR_1254,8.328184383814678,Gen,12.725766623898693,0.0,0.0,3.240504615868357,33.119420121395656
TWR_1549,5.628576633664064,Gen,12.471468357135995,0.0,0.0,3.941012248237517,38.72710023077489
TWR_1432,12.77955987991819,Gen,11.488784323568815,0.0,0.0,2.5051975898707095,31.37106539950176
TWR_1473,8.167174736866084,Gen,13.094191518470948,0.0,0.0,2.1537676851425904,39.64775159730307
TWR_1945,7.525976304263032,Gen,11.57311893005258,0.0,0.0,2.493947812369916,23.725716640671152
TWR_1827,10.469511751885744,PHCN,12.073317967188403,1.4200782005178922,2.1147636838091515,2.832107650354936,40.34510762644696
TWR_1563,7.221225945909186,Gen,10.496857046881894,0.0,0.0,2.8771284679570277,30.636382151261646
TWR_1667,0.0,Hybrid,11.945705133482187,3.538130939582644,8.088619094440254,3.9244780474726726,37.632825147738785
TWR_1856,7.193333928335508,Gen,10.89347409125833,0.0,0.0,4.286679901624931,32.29609217007244
TWR_1095,8.041787875738839,Hybrid,11.975874912889998,4.39616952153571,5.5669187642281726,2.7131689965598818,29.26570529379804
TWR_1869,7.9017401893520045,Gen,11.456575228866235,0.0,0.0,2.6435771086614177,32.53215113845948
TWR_1416,7.2350683477374345,Gen,13.503992988582688,0.0,0.0,1.674515095803494,37.45753425961231
TWR_1218,11.738255577492886,PHCN,10.0,3.3146248118393027,4.885677402012625,2.2962441526410893,28.110916562045624
TWR_1924,4.668272463602514,Gen,13.752270443423622,0.0,0.0,3.4678391965737307,38.35777547497079
TWR_1388,10.165016192129706,Gen,10.87094822878277,0.0,0.0,2.737739866860113,34.44687280613959
TWR_1399,4.333616573324164,Gen,12.712998430172387,0.0,0.0,2.8798373009209324,30.125895962252013
TWR_1802,10.132879904610474,PHCN,12.44426331148604,3.27806766836184,9.477989410092745,2.459468336200051,35.07967803472132
TWR_1292,9.779303773905152,Gen,11.69045356068601,0.0,0.0,3.163066511121059,25.744432118073483
TWR_1980,10.772081057620703,PHCN,11.81509786355701,2.954553958961921,9.147027677510668,2.64782815472862,24.957693518182204
TWR_1802,3.330112479428289,Solar,12.606009951345639,1.4391412950074338,11.264382545953094,1.959035296058139,40.48228184145019
TWR_1735,8.633052401607856,Gen,11.903286888129607,0.0,0.0,2.7275404565955252,33.99568057176035
TWR_1194,7.887095892725455,Gen,13.103301882016522,0.0,0.0,3.0571138243310196,32.751508807309385
TWR_1991,6.909163363358433,Gen,11.943054376278933,0.0,0.0,3.1539008844460295,23.449158036716874
TWR_1753,3.955443733682861,Solar,12.743264094022715,4.341730876255884,5.448049990941962,3.0092169665326964,33.737908526808354
TWR_1765,6.380720959071915,Gen,11.221695274597687,0.0,0.0,3.097922627548841,27.10813611192484
TWR_1051,9.224758267143415,Solar,10.29741639576216,6.058311274651287,7.417792447239129,3.1280148671569377,36.91345491972757
TWR_1514,12.99642333338773,Hybrid,13.01437006501813,0.3182515373367094,2.1612690997928956,2.6875907111521604,32.130455251054165
TWR_1543,9.552977061407368,Gen,11.274256186846534,0.0,0.0,3.0933833822385393,28.22308533823339
TWR_1983,6.165446591024155,Solar,10.593338903151778,2.1535335077781914,1.944946183150999,2.512063373511334,37.2682089830392
TWR_1871,5.151803333504171,Gen,14.0,0.0,0.0,3.2466589504404446,32.92418061847437
TWR_1609,5.424926659456359,Gen,12.70030987940899,0.0,0.0,2.712181086881113,32.610049073226804
TWR_1882,15.680253614806384,Gen,11.90394010027535,0.0,0.0,3.574636663142838,28.48411787437056
TWR_1122,7.895034528509115,Hybrid,13.77080063563551,2.746065884424465,11.437345673990787,3.353875967727738,29.18766612052866
TWR_1583,9.897223217166562,Gen,12.97255444962673,0.0,0.0,3.310904981108598,24.148876400547717
TWR_1608,5.818588472525394,Gen,11.752481364448496,0.0,0.0,2.962783285449977,35.10336048775339
TWR_1083,8.533103002799761,Gen,10.6646556412899,0.0,0.0,3.1900989255029817,35.05292872641912
TWR_1597,9.67937134379312,Solar,13.080780725554622,5.667844309097808,7.37754023768531,2.9649171442706765,23.69519533242004
TWR_1323,9.288854657397758,Hybrid,12.20768768716311,4.543157674390747,2.1697542725390715,2.459471729795869,37.26576426666452
TWR_1209,7.881334538430035,Solar,12.681500697372625,4.056636752260922,6.089268418487236,3.4691419029879986,29.41977635891313
TWR_1321,8.28836233082295,Gen,11.537724711294958,0.0,0.0,2.782751886283842,30.454139382656802
TWR_1405,8.666401314901139,Gen,11.521251378336522,0.0,0.0,3.6278780627867606,27.52696348890248
TWR_1660,7.439385067515923,Gen,11.560268941725825,0.0,0.0,3.7234889421768664,32.98277388255787
TWR_1323,11.095533618405906,Hybrid,10.514439626963028,4.534100531738518,8.668892386870311,3.0411419946377123,37.32740187532676
TWR_1958,6.448134649698884,Gen,13.40934744018558,0.0,0.0,4.149449061809625,30.185807197801704
TWR_1469,6.663492435797685,Solar,13.453384477117702,7.159144291461425,4.431419918540195,2.7899065914520715,30.591076955697464
TWR_1576,3.966648466897169,Hybrid,11.081348053515802,1.9917184664958643,3.696607304687615,2.9826575563066093,33.1710736626826
TWR_1075,12.651501478442231,Solar,11.001645959261209,5.968644796953168,5.358033467323473,2.9752681451737835,35.37409746083302
TWR_1518,4.631833935313104,Gen,12.38240974618405,0.0,0.0,3.083226104106528,34.462256320040744
TWR_1955,8.867505931723453,Gen,14.0,0.0,0.0,2.681130007874342,29.345015224990913
TWR_1070,6.130578420725707,PHCN,11.444522880839745,2.7252257453869646,9.567049593322656,3.7102521239949273,29.14626853125262
TWR_1378,5.502933280687314,Gen,12.471415556386404,0.0,0.0,2.7238884778595143,35.164659088777555
TWR_1448,8.608769062553899,PHCN,10.484255885002767,7.095010402660123,11.387633019286564,2.693605654757807,30.061492200320078
TWR_1720,8.857596172174715,Gen,12.334456789987025,0.0,0.0,3.329272136336415,42.05102269383175
TWR_1826,7.469158317517852,Solar,11.201702755461547,1.2413615439709456,3.8072098801742427,2.9834365135631016,40.97278931758894
TWR_1008,6.447166102891486,Solar,12.223787951638899,3.9671542078544957,9.565179820344252,4.263466212936811,29.345656135398396
TWR_1567,6.531681672445334,Gen,13.044160877069071,0.0,0.0,3.3409457448131556,41.23353662868017
TWR_1679,9.751784555977892,Gen,11.64070790921294,0.0,0.0,3.2953274153461547,37.54351790291454
TWR_1899,10.461446543592093,Gen,12.507274031107297,0.0,0.0,3.533337344794577,37.84647795222836
TWR_1118,12.14647697311258,PHCN,12.648709887589643,3.6657638393662912,6.440141059299968,3.6032544832541786,27.91532164506382
TWR_1760,9.106019926618703,Solar,11.606661187672639,4.057489645869635,9.835355587821896,3.0955495340099515,32.23218274078074
TWR_1278,3.920431577060242,Gen,12.746253566027221,0.0,0.0,3.3227420905705376,42.8162736165273
TWR_1215,7.076665295140997,PHCN,12.21915032766394,4.498767367421511,10.732359839290423,2.952352233806524,33.3951076288517
TWR_1208,9.823689529149618,Solar,12.186609123156359,3.1071327708989434,6.582269978694923,3.536815874929886,26.8674235029447
TWR_1873,8.398909022440629,Gen,11.299879185060826,0.0,0.0,3.5975233144624212,24.384065476081126
TWR_1500,6.323234458185235,Gen,12.377211875064521,0.0,0.0,3.78276201461717,31.67124869463506
TWR_1929,6.334401419920405,PHCN,13.88115706944059,1.103972199167512,0.0,3.220007225026666,29.489728878236946
TWR_1094,4.93630154860786,Solar,12.708356447299353,4.487601427542398,4.307764107789815,2.3598478006645527,36.36228664140072
TWR_1849,9.950603533875983,Gen,11.900824136220617,0.0,0.0,3.923318498023833,26.649576168369236
TWR_1003,3.423424487225784,Gen,11.308091930118756,0.0,0.0,2.9772069918222512,33.21669724661346
TWR_1133,7.27629182643101,Solar,12.352055396514297,1.4969211516191119,10.331293812219778,2.9589244108037156,37.58647915794064
TWR_1268,9.028176039133113,Gen,12.456753219153784,0.0,0.0,3.284883640116102,34.23854280008658
TWR_1452,9.928168279602632,Solar,13.329152530132431,4.39304233940294,8.127011272765536,2.9551321528563865,39.200586077247365
TWR_1437,5.970823093822191,Solar,13.800940432910815,3.919684098711313,1.7076746936458553,3.0640522074553944,28.594741712625595
TWR_1114,10.521930646966172,Gen,11.34737602069761,0.0,0.0,2.77690828339261,22.552296345272346
TWR_1904,6.64308104225277,Solar,10.0,0.8321943530285534,8.281243968432893,3.392900079325416,34.12728780892483
TWR_1152,5.099071570612361,Solar,11.95228864385802,3.992794921818863,2.5249059324223717,3.7516991508835753,36.386811452878355
TWR_1854,7.337107478511008,Gen,12.02688583899453,0.0,0.0,3.1041914039737764,21.791325657878545
TWR_1565,7.258467852438209,Gen,11.318015752002202,0.0,0.0,2.499189995052542,30.594498535570224
TWR_1130,13.393059580548567,Gen,12.64084286126701,0.0,0.0,2.7144105051086016,34.86291390678079
TWR_1373,12.198066309758007,PHCN,12.924633682912768,4.119260739840349,4.059189666883278,3.349111656806795,33.96742692710875
TWR_1815,10.685579660083196,Hybrid,12.63517180168197,6.09910543063867,4.394294365318296,3.658697032817163,32.987998023462
TWR_1040,14.225782617875797,PHCN,11.310812181910432,7.471927606330499,6.593732350387944,2.6742909981927756,29.58057082972839
TWR_1215,7.03895807541704,Solar,12.424165946401917,5.0456709760709995,4.278899988184262,2.9878227038695084,42.71135179305932
TWR_1682,13.182629510302135,Gen,12.436323669674032,0.0,0.0,3.0190017390841,32.600156633591304
TWR_1798,9.840553918191251,Solar,10.977207434801594,3.4852469251533096,0.9942477783672317,3.1996115613026395,35.2359796985137
TWR_1895,6.550440613101878,Gen,13.573986763290034,0.0,0.0,2.3871171684988295,24.6781255989509
TWR_1635,8.673355455679916,PHCN,13.047098302612154,7.367855382915737,4.62334721139318,3.539340416715648,31.807457652496463
TWR_1947,7.482118100177541,Hybrid,12.883659937486673,5.304645756826839,1.2708235290472523,3.738270174862948,38.90045677073726
TWR_1885,6.123311895471412,Gen,12.395803533437409,0.0,0.0,3.2470150931413695,33.303368829119535
TWR_1819,6.34908453846374,PHCN,11.328376632061948,3.9488918580171095,9.518187057778094,3.271800077297216,30.14692833956947
TWR_1902,10.315096131945033,Gen,10.0,0.0,0.0,3.5743828501860517,23.301431106109504
TWR_1183,6.912677175790604,PHCN,10.880330105373856,1.4106370485581885,9.482480362135558,2.7661493993440542,33.73251940865358
TWR_1340,7.859238263362448,PHCN,12.47704082722312,4.15364378212051,2.151023327434291,3.49813340972357,29.531217084193436
TWR_1421,3.3302543040207464,PHCN,11.571884839034087,7.001519581268622,8.55066522634048,2.8256739327960703,30.253711478407855
TWR_1884,7.035094846347852,PHCN,14.0,4.763870904463107,7.290124941573209,3.515141727015921,33.19394579513257
TWR_1254,7.222873562537891,Gen,11.803650150915022,0.0,0.0,2.964199370292968,31.813888817450792
TWR_1806,10.18288863091094,PHCN,12.0519458858073,5.465280154431158,5.757850259674253,3.039317595158045,22.00899657733946
TWR_1391,10.748983024107444,PHCN,12.346488475897992,5.996020219719305,0.0,4.044187352390364,31.302051859224132
TWR_1879,11.32454845021255,Gen,10.960094072874469,0.0,0.0,3.306386952531285,26.73292218413172
TWR_1204,6.128693117912585,PHCN,13.914031353866786,3.618635198473307,6.6522986195391685,3.4350338653443773,34.47840943986302
TWR_1471,8.451256715430729,Gen,12.364961002466226,0.0,0.0,4.201707792619137,31.711906014832074
TWR_1840,8.603297140144903,PHCN,13.050654396007612,6.211051865915968,9.56109091668114,3.3193651110145925,26.284975436347583
TWR_1233,12.900294596903288,Gen,10.853654606981312,0.0,0.0,3.1513177326195168,28.22862074990321
TWR_1675,7.807584960221022,Gen,12.328762410303481,0.0,0.0,3.1606786077251368,34.109603771176424
TWR_1336,12.841133807175941,Gen,12.45353430151398,0.0,0.0,2.8779216823546756,36.820435841441785
TWR_1071,11.568411466773922,Hybrid,10.772392184863008,5.194800139699716,8.103518226932696,2.851218248320004,38.878534066558096
TWR_1285,7.54983323890242,Gen,12.125576453471542,0.0,0.0,2.913464087858065,32.077895237907335
TWR_1521,4.711174739314394,Gen,10.559949117405706,0.0,0.0,3.797252531612486,27.76519325840836
TWR_1863,5.025822951631079,Solar,10.0,2.7220765046209956,2.030730619777505,3.8210075800681844,37.04908544671317
TWR_1961,5.935548964466829,Gen,14.0,0.0,0.0,3.490882743495797,30.37584308245689
TWR_1898,0.5017828553792807,Hybrid,14.0,1.220855066472808,1.0638037591293248,3.5112852160048202,44.19876203169636
TWR_1182,12.152818455531555,Solar,12.56390912005236,5.189508683330572,8.560246676340924,3.3794642948933826,33.40595711984688
TWR_1271,8.312603311855629,Gen,11.937406872100478,0.0,0.0,2.623017705566662,30.59662461566613
TWR_1610,2.9211295574138436,Gen,11.90166037320525,0.0,0.0,2.5057044464245415,26.482053413921143
TWR_1746,8.539682453460436,PHCN,13.3920022863446,5.836633212004626,1.2884981891304692,2.505185931714831,36.70385593994108
TWR_1446,5.052537819385071,Solar,11.775366850002975,5.100104198049104,3.094966635409094,3.05268775307298,25.329872525408977
TWR_1523,6.195897068146359,Gen,12.319781934142537,0.0,0.0,2.2035031332341655,34.202373689801995
TWR_1921,7.941086603219956,Solar,12.552489954417148,4.447828268129323,10.092421289921532,3.0626122513239538,29.852972294373735
TWR_1260,8.366892509096852,Gen,12.543298029036388,0.0,0.0,3.0244300351628524,32.20295845601941
TWR_1446,5.894024936579734,Gen,11.337099082449052,0.0,0.0,2.2986973641001534,40.7478837159347
TWR_1947,4.268410293826145,PHCN,11.307094802204093,2.5631854688616054,8.684773130833324,2.852525160853986,38.23871036336867
TWR_1703,5.979528127268394,PHCN,12.278994162223801,2.3293058934804853,12.0,2.4062007904852436,33.54910355113514
TWR_1759,9.901330642796296,PHCN,12.413799097451498,3.6294246822445833,5.610537900799722,3.021905735989555,31.264989991857558
TWR_1201,10.891637350384729,Gen,14.0,0.0,0.0,2.721254107496083,25.150985102104613
TWR_1071,7.735153854946235,Hybrid,14.0,2.3926508640605384,10.917350416332201,3.8388504070382203,29.232058791460027
TWR_1942,9.706949237555826,Gen,13.628396623128538,0.0,0.0,2.8104361295062565,30.982098199488192
TWR_1321,6.254957258154069,Solar,10.985243269307134,2.701444909867986,2.3281791997132304,3.017041734129613,28.15013384470679
TWR_1127,8.701357735372243,PHCN,10.444104353796373,4.661760464428914,8.500586884826774,2.003132178714272,33.87028284923786
TWR_1307,11.683006977419875,Solar,10.790358981308795,7.345144773675407,7.257057028098135,2.6474940721207956,31.72115461171147
TWR_1682,9.674980737565168,Gen,12.076005391412412,0.0,0.0,3.2693779962231844,27.39663203460317
TWR_1412,8.508082472108233,Solar,10.58628550309502,3.777547877302599,3.288277075605631,2.6322350287051166,38.18046587605219
TWR_1567,11.273930361782806,Gen,12.609138120907177,0.0,0.0,2.4538436176637104,30.41795775152599
TWR_1430,11.63929309993755,Solar,12.141716913639904,8.63865907996339,7.179953518183115,3.096024558245016,30.454417678987493
TWR_1388,8.400622714346847,Solar,11.847530163619457,5.416217353377181,8.870106950383752,2.607005269746025,25.34383523221111
TWR_1924,2.49138388069011,Gen,12.507991326912544,0.0,0.0,2.4483166969130634,21.235547035237587
TWR_1582,9.165735813592892,Gen,14.0,0.0,0.0,2.996964544230053,36.19245387225821
TWR_1561,8.245488075642696,PHCN,11.901110346808858,5.838152965975537,5.129176367434046,3.1336961570359514,33.60848903098007
TWR_1311,5.995728639070854,Gen,12.992042349536522,0.0,0.0,2.9125201216522956,28.221274202535778
TWR_1440,9.60952953071121,PHCN,11.101532018208962,4.056362314738257,5.972643010067389,3.542947782915789,34.373491164399766
TWR_1621,7.924919123764568,Solar,12.817766299200287,6.780415098034627,7.673430919055587,3.00517630992169,25.4408188382492
TWR_1476,4.804659010773882,Gen,11.694775295645332,0.0,0.0,2.695243898920358,31.06514348507277
TWR_1691,8.169949774691322,Gen,12.52969275435673,0.0,0.0,2.9647506109704542,34.43250821913101
TWR_1484,8.193423244430361,PHCN,10.024533433646129,2.1213292123624914,5.567737332835153,2.395152628579446,34.999643649981024
TWR_1982,12.592252497031092,PHCN,13.218761851697316,3.573114258139584,10.472178410549855,3.0743337286010557,30.314570144409803
TWR_1173,6.159792009377181,Solar,11.697530313511871,3.2236463629175427,6.511248667126463,3.0802869905249324,32.01523010076707
TWR_1290,9.31081450923905,Solar,13.190646274786342,5.899108270882648,1.5453060946502895,1.7230394325490226,36.67159955619637
TWR_1648,3.899363904753737,Solar,11.775234598107316,1.659773947881281,0.5940586872599409,3.270731364102394,35.79577580151324
TWR_1095,6.2704687978198415,PHCN,10.0,2.9075111034950343,7.175412016207639,2.260544215612936,32.91679959889578
TWR_1769,7.954070452481013,Gen,12.579291499601089,0.0,0.0,3.0597901842070767,27.13465529559222
TWR_1317,11.589714504993474,Gen,11.84147042697303,0.0,0.0,2.986347730245034,27.333660204634022
TWR_1203,6.670153246425469,Gen,11.1151972859731,0.0,0.0,2.9135269700382884,40.558542400711715
TWR_1047,3.8842965712059314,Gen,10.38643860212326,0.0,0.0,3.735585163746804,30.95338161424067
TWR_1486,5.99278178402025,Solar,13.039904687396076,2.788768920526272,11.478029140640809,3.3389629356696346,29.560442959271487
TWR_1786,14.47192463979651,Gen,11.394285076996661,0.0,0.0,3.3710476860046534,33.49646290203246
TWR_1424,11.905223868196394,PHCN,13.561511196726853,4.064008298131533,3.7397463889614495,3.229986071469558,28.61142315123947
TWR_1589,14.040161742579869,Gen,12.136535331082737,0.0,0.0,2.8173392243439457,32.92340152932454
TWR_1713,3.9586211314109105,Gen,11.028385961489349,0.0,0.0,3.600206953972213,28.71552860514302
TWR_1409,4.859267051954181,Gen,12.536652752527287,0.0,0.0,3.5928520773314983,35.594766553325336
TWR_1671,10.98814305741745,Solar,11.243204911430539,1.1563786665163125,10.50400095586646,2.838660080578932,30.745834917724764
TWR_1914,11.984582425547174,PHCN,12.55623000940066,4.911775544163215,12.0,2.6782408848099286,36.63920064040619
TWR_1788,8.171039374691254,PHCN,12.268592278863258,7.056936852825063,7.523507268868871,3.2691480395248167,37.362536686549014
TWR_1797,6.905141811371344,Gen,11.160790332660994,0.0,0.0,2.477595402989483,22.16821705311999
TWR_1180,14.168621389820967,PHCN,10.896791634278317,3.557492752828456,5.169560100333238,3.1537033489045503,36.078686062696484
TWR_1712,10.581420465079237,Solar,11.416922561431061,3.665756572427177,6.847739851464899,2.8756544369082264,40.03672788009996
TWR_1051,9.472924854914755,Solar,12.734877786049818,5.325762537334826,9.520421572455975,3.0905107793518534,25.515840260220767
TWR_1939,9.199063855257926,PHCN,11.34864310620817,2.9427666365004863,7.759092056265279,3.619141535716818,32.10635788368031
TWR_1467,8.92649903779689,Gen,13.702214944635237,0.0,0.0,3.1203765897442843,45.0
TWR_1475,9.696528936894632,Solar,10.239237240844183,5.506683242209065,7.143475154648334,3.644876377041373,35.365906756349794
TWR_1572,7.584632048048679,Solar,10.775701763710634,3.5819534854279493,3.4484386373720994,2.7097382750976386,34.942892022103045
TWR_1972,13.00971351305422,PHCN,12.39467152982298,1.6082338759296313,7.333808004660423,3.5983157433228254,28.95108547840309
TWR_1453,7.597948499981247,Solar,12.014688194729198,2.43020337383552,7.944841301531577,2.9395259256961093,34.09766221953514
TWR_1736,5.3375234665937,PHCN,11.56254169967659,5.444762715655543,4.881500543724699,3.8634819256167026,30.001819071926988
TWR_1436,8.674054177255657,PHCN,12.93259083187309,1.1632685341339366,0.7175735640576724,2.2371718427149525,38.31292051713591
TWR_1561,6.34442556232266,Gen,14.0,0.0,0.0,2.7178762006713058,32.922756515985185
TWR_1162,12.626329857703627,PHCN,14.0,8.123007153272795,9.625098691779428,3.5120312629057313,34.96263474600592
TWR_1486,10.335083228499913,Gen,11.448814283671467,0.0,0.0,2.5909005582888462,31.98312771294524
TWR_1769,7.489446132425215,Gen,11.546771950672724,0.0,0.0,3.3481937237283574,36.77652604285255
TWR_1652,8.265220658875542,Gen,13.477530081055262,0.0,0.0,2.4291554429332476,31.03170270360141
TWR_1796,5.849533038191585,Solar,10.13346338292694,3.8346386283146017,5.634757474850149,3.7567248716210653,35.154058422773886
TWR_1641,4.927439527012385,Gen,13.854092566334188,0.0,0.0,3.6105168477626766,34.910488517343076
TWR_1450,7.320547703450504,Gen,11.04056076327652,0.0,0.0,2.8138966119644735,37.443743098520926
TWR_1292,13.653758917803827,Gen,13.543243528272189,0.0,0.0,2.755575289106863,26.401912833554945
TWR_1343,8.422658740733612,Gen,10.231560634437148,0.0,0.0,3.1615838570923906,31.261987068506656
TWR_1553,6.601890494395273,Gen,10.405296932733204,0.0,0.0,3.2568000532848584,29.336495801690443
TWR_1154,4.490249492869136,Gen,10.0,0.0,0.0,2.986242547474682,40.86125798334872
TWR_1710,12.98377764364361,Gen,11.542903743413728,0.0,0.0,2.69889396981911,34.34387128037512
TWR_1219,5.0048436824351255,Gen,12.301791899819467,0.0,0.0,3.383040139192345,38.13466611942154
TWR_1417,7.699537770560141,Gen,11.796326249823034,0.0,0.0,2.5610087066217195,27.8655982298007
TWR_1477,7.32056332429542,Gen,12.367365506816178,0.0,0.0,3.4567923131166247,27.984105246598276
TWR_1211,12.478065706878565,PHCN,11.728876398957432,3.9572654113031276,3.75836496255653,1.7878798698635292,36.42022698180525
TWR_1398,10.2105316912773,Hybrid,11.718672442881786,4.133981434449744,7.547817653112299,2.218727071556729,29.354736613268525
TWR_1598,10.38279403886548,Hybrid,10.745710576830751,4.587115864333258,1.9302545861297844,3.233214991216763,31.821792588512583
TWR_1020,3.1546045522834714,PHCN,13.164739354457172,2.5308168464039014,3.569242688956857,3.1002845986154712,37.743186747143575
TWR_1783,4.952534543064809,Solar,12.061679849847971,4.857633000661146,8.079316821789433,3.088220777638613,30.164860804583387
TWR_1488,5.517229338053841,Gen,12.086143883046375,0.0,0.0,2.4639304940071964,20.0
TWR_1360,9.309679412473002,Gen,12.903934841086196,0.0,0.0,1.8185337822290808,26.95134647645031
TWR_1399,9.857462783015594,PHCN,14.0,4.041587415350816,3.815991176312597,2.90855177944758,38.87438209574093
TWR_1976,6.062107462626394,PHCN,11.200807993349747,3.034512955635935,3.140014175223863,3.061335157997398,40.1233922923478
TWR_1551,8.969237819348088,PHCN,11.747646497873712,3.416377462168912,1.3104275739100286,3.4415548885735796,31.61081401493599
TWR_1559,7.458560259228123,PHCN,14.0,4.597505816731372,3.744626849714447,2.7868212018972285,37.74222854598378
TWR_1919,8.339811231613293,Gen,10.561722021682634,0.0,0.0,3.4596144672876017,28.65927957230503
TWR_1224,13.619893328652637,Gen,13.08004806571465,0.0,0.0,2.7763390521706244,38.40508180867556
TWR_1497,8.20356653158221,Gen,12.852773675122219,0.0,0.0,3.2423664086472375,27.768216725045633
TWR_1344,6.069350503047614,Solar,13.029960817581161,3.330449335786918,4.78905461027401,2.5224387103253236,34.11799532796731
TWR_1817,14.187574757729434,Gen,10.932467085745728,0.0,0.0,3.012109728336379,39.061102777077146
TWR_1169,7.7610758262628545,PHCN,12.452371796249734,1.8752129437062406,7.284921291622946,2.9064278674977255,36.928649978399314
TWR_1941,11.562158154694254,Gen,14.0,0.0,0.0,3.2898165866067877,33.62898158291083
TWR_1637,8.583152904732009,Solar,11.646833707189312,4.6769676869233825,5.113795769582912,3.084230488134807,38.587987678039795
TWR_1928,4.980372304161077,Gen,13.139878561129045,0.0,0.0,3.6585575336699327,31.409657365044605
TWR_1577,1.6344353029742162,Solar,11.392178012905568,6.593989093122218,5.931395813103354,2.5003488838525447,29.47612539385891
TWR_1085,10.521860079513658,Solar,12.546733568201379,3.5221358016606112,4.8995267645559375,2.804120925478089,27.387949077507486
TWR_1138,12.846127068408325,PHCN,11.67767953078866,6.434317041650993,10.563948155767354,3.4991554490739802,29.841898436409757
TWR_1186,9.211190271009828,Gen,11.975804393609083,0.0,0.0,2.548149069634936,33.62179640860801
TWR_1388,4.462880626520592,Gen,13.187679388461564,0.0,0.0,2.7676913513508037,33.0057982793642
TWR_1465,8.849863614638426,Gen,11.741095026295923,0.0,0.0,3.2933469007376375,29.62548171688738
TWR_1779,10.613891892371733,PHCN,10.65402031975325,4.2527591590928235,11.816786997174855,2.4998343376972127,28.611275147375743
TWR_1284,9.541723548976744,PHCN,12.179581781939598,4.701260198547119,7.467561390442991,3.317360734280885,37.54849920978111
TWR_1851,9.229455970785537,Gen,11.758742345381458,0.0,0.0,3.3362868506013656,41.49940967447608
TWR_1854,7.60209876085228,Gen,11.025470695329359,0.0,0.0,3.553540334643486,31.398094180232007
TWR_1019,1.481991361957892,PHCN,12.847421677150422,2.9293436280921545,5.7284001530875175,3.1659901652845073,32.95249839889533
TWR_1053,10.128355451417118,Hybrid,11.564513629430156,5.026211596352166,5.221359967248248,3.3694052404437516,35.07683742006527
TWR_1358,5.193683893866214,Gen,13.085982116175032,0.0,0.0,2.732018277442976,36.040288991405724
TWR_1070,9.101861940204023,PHCN,13.838183676795122,3.5530680352562958,4.952049611645408,2.9902901970561335,30.484101085828623
TWR_1667,10.39982570582615,Gen,10.383689391563411,0.0,0.0,2.473158790426823,26.660985392104035
TWR_1031,10.850922775920727,Hybrid,13.710613372581925,3.791101562925057,5.493534830429968,3.0350260815565906,37.80939151304095
TWR_1204,5.217940597428278,PHCN,12.238368982734785,5.95039525956486,7.5032825098195355,3.0947908082993716,37.005230462835705
TWR_1636,0.0,Gen,12.677875319530907,0.0,0.0,2.672962158436288,22.846835515717714
TWR_1129,9.533607798574941,Gen,13.373658545162957,0.0,0.0,2.931275742686154,36.76437273601469
TWR_1117,12.836834773965936,Solar,13.314914453584047,7.279929058742786,8.226382473215676,3.037716819450796,23.990170940514158
TWR_1223,7.261812535610154,Gen,11.156753404683808,0.0,0.0,4.085471358748907,31.120570937838316
TWR_1262,8.369614420353457,PHCN,12.551485376040468,4.087204892744907,11.085153121292258,2.688675319132774,32.97303727618621
TWR_1171,5.772588242905855,Solar,10.679977488779294,2.7764618181894294,5.888889608854764,2.78534888774137,28.53789510063072
TWR_1986,3.7810476089844984,PHCN,11.916894427371306,0.9905592519379955,8.280167891068807,3.0412198764672516,24.71224250267535
TWR_1117,7.07237276885041,PHCN,11.247843594409417,4.638349020838361,10.021351338069433,2.0624137651771277,32.575130395737084
TWR_1167,7.519601613300079,Hybrid,12.671340076450466,4.426393256475379,3.7440920047835426,2.840473032166691,28.019870715982556
TWR_1110,11.228021415795794,Solar,12.021311648671942,7.802381371506015,5.818017558556138,2.645796616544769,24.431428036935863
TWR_1951,2.590580971232165,Gen,10.41586405699451,0.0,0.0,3.1335633255057416,34.54362511614967
TWR_1693,3.2564278939035995,Hybrid,12.895038314076116,3.033877896633121,6.440379035956648,3.806110314127712,36.48419657932766
TWR_1384,7.194408056282503,Gen,11.108807774584713,0.0,0.0,1.9240922993353475,28.4042334037879
TWR_1732,7.366609283516917,Gen,11.012820472848816,0.0,0.0,2.9343715164538478,32.38425941479384
TWR_1606,7.3254320545757645,Solar,11.34999741917654,4.337309343933455,7.325821948708227,2.4548004612785768,39.054661898731354
TWR_1642,7.704235603147215,Gen,12.018849622944847,0.0,0.0,3.3541072116282784,33.16608065631751
TWR_1713,10.859409901739735,PHCN,12.287124165201824,2.775125250719124,7.084510575618305,2.428136896339669,32.542798528882614
TWR_1870,7.900310028066618,Solar,11.79188314272746,3.7429249771221387,0.35445286350708294,2.7256375461295193,32.46422450570557
TWR_1824,8.479569175992202,Gen,10.972324859074043,0.0,0.0,3.6328539204323502,27.669125758927496
TWR_1579,10.90837160158021,PHCN,12.427194361871685,2.7075453803123937,11.325932677828536,2.40318158412176,36.59577086805001
TWR_1355,11.001746954128935,Solar,11.329379790923355,6.784930600128657,5.249860456203142,3.1443468146399285,33.3016091938561
TWR_1677,7.597073775588356,Gen,12.810808273159783,0.0,0.0,3.3967443602761067,23.257340133809095
TWR_1518,11.913020728634457,Solar,10.337508011964326,6.065092408683315,9.38011541048275,2.4545167848924008,29.945928560227077
TWR_1012,4.682885994542193,PHCN,11.785078969711265,3.3839314316285174,8.338981596808019,3.655154373059804,38.97841905394978
TWR_1842,6.313495920265094,Gen,11.790778126255471,0.0,0.0,2.158280903889525,27.970649667519055
TWR_1443,10.894554899292373,Hybrid,13.615582823548232,1.531302256240156,4.222607222541317,2.9867971215205364,33.400805794098034
TWR_1650,5.571189440235061,PHCN,12.42406104446409,3.0523213058581677,5.956643187365163,3.2731421240018497,32.03211134905469
TWR_1470,6.690842328420294,PHCN,11.890390196074168,3.8232740815893296,4.889966910353617,2.870601968666449,39.99323585252358
TWR_1445,9.682758343823716,Gen,11.70451968197084,0.0,0.0,3.348477202255368,30.33090255121995
TWR_1534,11.519373912759924,Hybrid,12.369642192198095,3.7853957119915425,7.343150777430833,2.2145619239657504,26.366162655450974
TWR_1276,4.418224980802834,Solar,12.142943094763707,7.465029998970184,12.0,3.3190255507203785,34.50422237472228
TWR_1941,2.596826797541783,Solar,11.457326200265978,2.424432496183522,4.137457205246652,2.915928090707605,29.639547111514364
TWR_1495,2.062100568872637,Gen,12.747910256117533,0.0,0.0,2.4636284871300966,33.196234320555746
TWR_1845,14.22224800924992,PHCN,11.080615408413577,0.0,5.141987334359667,3.5504798174992853,41.79173727110297
TWR_1274,4.311351216642749,Gen,12.496699223236522,0.0,0.0,2.7673447716099733,31.47025822847932
TWR_1251,15.933030041051104,PHCN,10.497029671604846,4.5074793229891466,7.4030795152963,3.5428931624696736,32.489915767354475
TWR_1088,8.924151618512306,Gen,11.608351432578209,0.0,0.0,3.134563470622554,30.28403862251295
TWR_1461,9.864715669568152,Gen,11.630389663956366,0.0,0.0,3.1885501969510934,31.853685931575107
TWR_1475,11.378150752316504,Solar,11.948606276411514,0.45393506358623714,9.785764502141975,2.5471338495686906,28.7311683067559
TWR_1684,6.213016117869524,Gen,13.374438093170816,0.0,0.0,1.9321628930106522,45.0
TWR_1029,11.168170427198156,Gen,12.22323891412916,0.0,0.0,2.9725529996918567,33.427770374288286
TWR_1332,9.563367285138014,Gen,12.645215585950057,0.0,0.0,3.277802233001724,32.44790340627625
TWR_1217,7.407984739078022,Gen,11.848726716346489,0.0,0.0,2.9025458598236593,37.66885048433532
TWR_1264,9.780670166842587,Gen,10.0,0.0,0.0,3.3279503882648807,32.97368097359387
TWR_1901,7.9438737306623075,Solar,11.611481546911115,6.2482254399720265,8.842579386368573,2.6135611660881954,34.03526143562267
TWR_1901,5.085029796376142,Gen,10.62038183521107,0.0,0.0,2.6866413877050173,36.311967361913794
TWR_1010,10.85937513612826,Solar,12.513085420097292,5.450191573695994,7.548534861344875,2.6792592023885238,34.159612723369705
TWR_1195,10.401228575683046,Gen,12.754291329813574,0.0,0.0,3.5944566857373212,35.54151923600532
TWR_1737,9.054344622624749,Gen,13.070150238316428,0.0,0.0,2.98673937037547,27.59062674386141
TWR_1568,7.510799108168708,PHCN,11.25509735519355,2.649643450051237,5.566443987853447,2.6037900395000193,30.4601923518048
TWR_1707,2.3191559991386432,Gen,12.213293707372939,0.0,0.0,3.000602737681112,27.914556844659046
TWR_1728,9.977737005297215,Gen,12.937570137626558,0.0,0.0,2.196220067815513,28.18637610716893
TWR_1811,5.692572950638105,Gen,11.060096898891135,0.0,0.0,3.4147374209658743,31.030869306135983
TWR_1301,7.206455476068168,Gen,10.0,0.0,0.0,3.3177090151046134,25.80370802573264
TWR_1708,8.179797890798985,Gen,12.277376937958191,0.0,0.0,3.6803292979193256,25.45589800440444
TWR_1679,0.0,Solar,12.183849544753695,7.601022363021707,9.716839058818312,3.104829707637313,29.541819071839765
TWR_1484,10.421367789911931,Solar,11.026453800295531,4.952715538712439,7.51641047749988,3.53010495374944,45.0
TWR_1352,9.177247901536301,Gen,11.491036374292502,0.0,0.0,2.9872128439040027,23.15462047555441
TWR_1763,5.915860606732825,Solar,11.590717561886896,2.951823204130815,6.4570646161011656,2.5887900338088996,37.60515333662236
TWR_1360,8.000621194754592,PHCN,11.990699678861386,3.3442105669741644,6.465572051576937,3.4125491323338175,27.664348921445498
TWR_1277,6.02565053277423,Gen,11.696273971223336,0.0,0.0,2.3270645382633925,27.903710701392512
TWR_1236,6.571337379366023,Gen,12.874389180712727,0.0,0.0,3.1312806645009625,32.96794955683772
TWR_1197,10.552693886503917,Gen,11.862628211600603,0.0,0.0,3.195232424964445,31.48389123533752
TWR_1760,8.796087048198885,Solar,11.417241342388419,0.0,5.597162513441088,3.7113740680499703,36.631077011207964
TWR_1780,10.896192453773512,Solar,13.236130721806218,4.177315181922875,6.591947122216787,2.691174052282825,30.41963571986475
TWR_1196,9.847313449313425,Gen,13.203884437168817,0.0,0.0,2.9302768621595003,29.749053675742942
TWR_1495,8.001583876569791,Gen,12.601206748929116,0.0,0.0,2.278072591933229,20.51909523431381
TWR_1603,6.348389451525249,Hybrid,10.779287574085842,2.983719604705378,5.556659043547586,2.7733757954884934,39.26233767235372
TWR_1537,8.98023429380696,Solar,12.300474359610828,5.244414288086804,2.5835006466576926,3.5195558937101343,31.6211785673227
TWR_1102,10.011441851723639,PHCN,10.928142766959844,0.8924824679678713,8.453668974075086,3.188204763048758,27.48974222821245
TWR_1303,5.391010756175917,Gen,13.12543478441477,0.0,0.0,2.405294053566336,40.21336476627982
TWR_1183,5.298137796056394,Gen,12.638391925608383,0.0,0.0,2.8356907621255076,35.01593715541171
TWR_1725,6.3676579936574225,Solar,11.837207093927706,4.081838350791442,2.993437632655582,3.370412172710063,29.433932167642073
TWR_1280,7.314200253979944,Gen,11.005650625391487,0.0,0.0,1.7188331706023448,31.044861186999157
TWR_1055,15.237846264838748,Solar,12.784604287898024,3.9614792405312107,5.211327512375197,3.011232946406023,34.73559557587605
TWR_1714,4.457561554073465,Hybrid,13.114321694668872,5.430762630882488,8.154557177123802,3.219237869404864,32.09808328846995
TWR_1653,10.01858370790046,PHCN,12.591814133741378,3.2919185781179525,4.279194681309297,3.0509281476309935,39.74510075747594
TWR_1502,4.282678773038297,Gen,10.53247473424756,0.0,0.0,3.0823804206182586,32.25443850928009
TWR_1012,8.520024993111225,Solar,12.2439531979085,3.5535954907303897,10.469590315806247,2.1995480107617422,27.85751487609877
TWR_1480,7.690235719552858,Gen,10.356811188845832,0.0,0.0,2.9120727977839644,40.30735082864009
TWR_1348,8.062659464887885,Gen,12.230700905718683,0.0,0.0,2.36991761741371,28.918192959802614
TWR_1052,6.874410859028189,Gen,11.682284903243765,0.0,0.0,3.6408218975018842,34.788455303625625
TWR_1882,4.6656261291889045,Gen,12.246504778432005,0.0,0.0,3.2491108742483927,37.700745192606334
TWR_1841,12.74162205970512,Gen,10.984905808172131,0.0,0.0,2.5945712443948308,25.71211070542692
TWR_1503,7.297940422679056,Gen,12.466358374446335,0.0,0.0,3.493667258294551,31.620244881787386
TWR_1644,7.0404574302354685,Solar,12.15175799224874,2.329714196739954,12.0,2.1961694864409704,32.92370289447862
TWR_1155,14.070818657688918,Gen,12.006799844559998,0.0,0.0,2.9049804824992527,30.212772885947864
TWR_1576,7.458824954712776,Hybrid,13.37284847467653,0.0,10.600301103888977,2.2880214237749277,30.666738353827927
TWR_1087,6.712266739104015,Hybrid,12.58855326977072,0.8037512962325049,7.386517998245829,4.012154811643426,25.184129977035948
TWR_1121,8.569118502831188,Solar,11.33801782220339,4.851774412386072,6.0574433322472565,2.679256545477845,34.43936142435537
TWR_1426,13.413044329360229,Solar,11.8090962082727,5.439515884296364,2.120181126386509,2.5217818115909956,34.362031389401885
TWR_1809,12.452348085607895,Solar,12.35561334878566,3.3738839389536914,5.997874216270063,2.374796133015141,35.022576631776836
TWR_1794,10.646999186970227,Solar,11.54790966716692,3.0599157044809973,6.797634688956146,2.781640131979702,31.669336926870887
TWR_1461,14.299165367499546,Hybrid,11.752974299254003,3.2833196959575557,4.057374583094522,3.3720959857499686,31.093879133909486
TWR_1304,6.051880885035722,PHCN,13.321304032273012,6.839206009027274,4.198729302783884,2.0667300243196918,37.03756844918461
TWR_1439,5.946110522719988,Gen,12.79062559916277,0.0,0.0,2.014948091144082,36.462986691496546
TWR_1635,4.366484212157657,Gen,12.730764119066524,0.0,0.0,3.0071365339182172,27.230302903016778
TWR_1983,6.7788910612196585,PHCN,12.6863184569567,4.211788906230469,7.753238941417453,3.9882202922577425,24.178791941444743
TWR_1970,12.85163772490587,PHCN,12.104355937523213,2.2024319033537436,2.0090591227830306,2.905439804611483,36.6082505596223
TWR_1640,7.6173526388673976,Gen,13.511154930247347,0.0,0.0,2.2744121549742204,31.939555260769726
TWR_1676,4.242819666760643,Gen,12.363631882624968,0.0,0.0,3.44344369504865,29.896191031594732
TWR_1245,0.18735843011859732,Gen,12.198948146796495,0.0,0.0,3.218369275866755,34.02147377480849
TWR_1076,11.707346575466463,Gen,10.928946320350951,0.0,0.0,3.340108052725225,37.962537562389876
TWR_1418,2.6642372479804495,Gen,12.319651825918978,0.0,0.0,2.7479100844961644,31.59238663449177
TWR_1608,9.043029450615009,Gen,11.512771435886448,0.0,0.0,2.662145960419194,32.170762087440124
TWR_1033,4.738262183411592,Gen,10.914174871114815,0.0,0.0,3.339686641478252,26.25602982420672
TWR_1723,9.998937502727635,Gen,12.46259129285395,0.0,0.0,2.137096635604702,28.612176738321725
TWR_1880,11.582328209142117,Gen,11.018834468860318,0.0,0.0,2.767797868845306,34.31030446625948
TWR_1703,10.350171527847786,Gen,11.748461113955504,0.0,0.0,2.7012449026541794,39.11184930849254
TWR_1270,13.216698991392736,PHCN,12.978858050781795,4.1706362851300485,3.5752028350772207,2.5847777967217174,34.61257052632879
TWR_1640,9.255194662666051,Solar,13.40159859294643,5.300900185072278,1.4907590947205458,3.525973808861459,27.009696863427934
TWR_1823,6.848086184142945,Hybrid,12.250200206251694,7.991334979567929,12.0,3.3033615295680914,31.084016906398062
TWR_1435,9.603516945441651,Gen,12.887655425873836,0.0,0.0,2.839666187221404,40.97605677956161
TWR_1230,8.690212277574206,Solar,12.497743089091394,5.3318485041089225,7.264759831843367,3.419470250234806,28.913734067265384
TWR_1930,6.3250947381619085,Gen,10.899845767028305,0.0,0.0,3.2197506153101134,35.89468251756057
TWR_1145,9.373318598455658,Gen,13.674492433347538,0.0,0.0,2.9972019905854768,35.34370827796256
TWR_1169,4.724897371582057,PHCN,11.612900297525599,5.391075515131555,8.547306332229432,2.853016526167909,31.642003740709665
TWR_1609,3.4463787599575717,PHCN,11.64297079919339,5.780766327039572,7.725615048319699,3.250332860690605,32.248868435904804
TWR_1582,8.02118947588453,Hybrid,11.339678860526552,5.3976568404050695,7.26291883316817,3.2460094239963997,29.369825786662098
TWR_1449,1.5399712403862669,Gen,13.097152711753695,0.0,0.0,2.760581271995798,27.686121179784397
TWR_1705,10.08043673574198,Gen,11.60798736008087,0.0,0.0,3.529968192023311,35.08502974788349
TWR_1412,10.050707969601433,Hybrid,10.634044288799466,6.423887970772801,6.783751593701568,2.8153614303768983,32.716942336711256
TWR_1512,2.67129430130504,Solar,12.408652811480671,1.9412569836358569,1.9419891424693967,2.2388204068910547,37.563441874949625
TWR_1448,6.112209818921634,Gen,13.5337277099165,0.0,0.0,2.732099268473851,23.463210212035264
TWR_1040,4.650426680154022,PHCN,13.235811620006938,3.688203644126665,4.355138110528197,3.080009112926394,34.50891368083772
TWR_1752,11.352196447707382,Gen,13.448499229892926,0.0,0.0,2.820115677105457,25.36976156958981
TWR_1256,6.759604516630172,Gen,12.260280506582886,0.0,0.0,2.5181205368946946,27.214245425524787
TWR_1234,9.031363644649657,Hybrid,11.951347648429548,4.065593990823173,3.7245139958997915,2.8847996428971165,27.378834278658477
TWR_1856,10.67059523337436,PHCN,13.035249334723753,0.30762427552381233,3.21146741942277,2.2517353724549602,28.74988032796551
TWR_1601,7.749686090628917,Hybrid,10.55035478030147,2.1562803737493734,2.9881278837555048,3.1036336646994718,32.34672168518125
TWR_1783,5.834787339988241,Solar,12.176820872139398,2.906639830825469,5.1850346690218405,3.8367260451492684,38.70230525895174
TWR_1275,4.101256289217207,Solar,12.829732417879175,5.622793108983184,2.555210133742145,3.4093888218774304,39.68965959206277
TWR_1781,4.632365581266758,PHCN,11.082497178985736,6.035322933687005,6.814485932476944,3.2757381376197614,33.702946082002484
TWR_1481,9.172087762784432,Solar,10.673527871688917,6.094635413242896,9.50876997728332,2.885304627965986,31.78261525093069
TWR_1452,3.4066774923328333,Hybrid,12.514254756017834,5.144114883428288,5.813426949002067,3.5621766799352512,30.329613845100297
TWR_1185,9.6938177776808,Hybrid,10.980335661307885,3.952895698251524,5.476937226291493,3.1126539610204706,30.152365355833208
TWR_1446,7.605582212984997,Solar,12.826047171441505,3.126471525523565,1.180268697783962,3.8747919521027105,38.907270393452436
TWR_1503,4.123211914683144,Hybrid,12.689707805245195,2.9940504588973136,6.790461645993179,3.147112064506747,30.82796099841839
TWR_1481,5.6487030032408105,Gen,11.30945894768374,0.0,0.0,2.541904042259379,27.840888958847778
TWR_1341,7.798465129851934,Gen,11.284240010889249,0.0,0.0,3.34102603285631,39.436230776679636
TWR_1107,6.2598402758898715,PHCN,12.239404500535377,4.999370220605868,7.416006812757823,3.0379776339580435,35.71341209179861
TWR_1337,9.446746858041971,Gen,10.762337577672703,0.0,0.0,3.4345780321946364,36.43645418633371
TWR_1507,5.710141687464255,Gen,12.037937835447602,0.0,0.0,3.3416644964055346,30.953430902103193
TWR_1967,11.218934143298036,Gen,14.0,0.0,0.0,2.607006983682509,25.094776984231125
TWR_1778,8.911455786814628,Solar,12.721562505126144,3.538267252310462,10.359781989963103,2.3306971001383756,35.46459311515805
TWR_1465,6.18241753772332,Gen,13.719377906207297,0.0,0.0,3.996257676584059,28.16671706108326
TWR_1258,6.3513285922742595,Gen,12.859587886979803,0.0,0.0,2.8064346751052427,31.77294391033881
TWR_1993,8.07616526162723,PHCN,10.080326843802343,3.9723245078115257,3.9308166778074787,2.753438588800114,39.21816001734407
TWR_1885,4.2304793171622315,Solar,12.813205186747977,3.442074139336383,5.160719494512497,3.3951859480258557,33.70025647284445
TWR_1001,9.711838991658592,Solar,12.968184660532861,3.3373832336333544,4.163289796476749,2.457424736721101,27.872947350105225
TWR_1555,16.0,Gen,13.244679580736786,0.0,0.0,2.3244628168959895,25.38771021628215
